user_id,access_hash,username
27934988,-2046425083740763996,Chanilova
56385657,-60596018599466235,tanyapositiv
82360796,-3719773138369110359,Katanzchek
82560746,-4873076119661502201,abdyukhanov
83835768,-3091864681249280693,Oldinfree
86077486,5451632490048788142,mayer_alexander
97020493,1880760654244280902,xomenok
101236433,5719334988719663623,zhiganovvp
101784447,5317309128179075383,sergey_ovchinnikov81
105712681,-3380801527857504133,malikasens
107243872,-8910433656636686382,fxaleksandra
122163719,3372782009314545648,Alla_Lebedeva
124277922,-8571326982903887098,
128383277,-1388862434691689572,supra39
135576895,7615367331724722493,ILYINAlexander
136133247,2118497810577098056,vodoratskiy
137009252,-5707681075503744539,di_verochka
144394124,78749566143791808,isz_vsemugolova
144780832,2350622580282080329,vital_zv
152243936,3487417253742559299,Mironofff
162143978,-6406820100228589152,IPRIZE
162413372,-1374107983998909880,SvetlanaPavelchuk
167512795,-6801699392607207138,ZverkovSergey
176602786,-7268374548650516041,zotovotto
187125239,6209448487553384926,Enohin
193271374,3397633039485563489,Musachi_capital
203547723,4712770121723682197,IrinaVictorova
209326436,-7329730168215399192,Stk7715
216416309,-2045363126935071674,Voult_Boy
223459546,487768451579134005,
231295761,937850893483166573,Pavel_vol
234911595,7692596893052138890,
235573787,-2535219048674868217,Santiilo
240703910,-3515605570135843271,DimRyrich_88
244892182,3193470191980794442,kirillpashnin
246632941,366585048286849499,Karbonitt
251198117,7614213500123672959,SergeySFi11
251380595,-3458011812600760601,halikovstudio
251429901,-6745964116978167114,bbvcxzvhuh
252641015,-7894194204682726297,R_V_Bodonenkov4
252932056,-669310233589084762,vita_elegance
253913366,4612485546164170742,igorsolovyov1
260061133,-2295578063831396674,alex_vnb
260738965,-2312434889638478197,pacapital747
261254601,657291766365393686,vital_kanon
263367145,6899269813186845615,Aleks_1504
265758651,3500867108221615556,LilyaVasilevna
269502587,3782117288478661216,aleksandr_knnv
269550816,-2524488087686011008,EfratOrbant
270203902,1390648949838719663,Bazzelevs
279316375,-5918677419359141341,anlebedenko
283793479,1807222064692238832,iliarik
290411305,3085307025259764969,munko_naidanov
296915641,5726232742630658601,staslukas
298838803,1572845189533651444,Olga_Baluta
299951617,5090874733191321099,medvedeva_AVe
301122879,-7742372212551602166,dakondro
302147107,-961663787326538445,MrBurgerEkb
309918973,3533127754694717100,VerbitskayaIrina
311908450,4591900252710484250,dashakosa
314058091,-1070267729731985751,Ashiller89
317384549,-2030269564666355344,elshan_ivanov
318326308,-1868140937453584506,OLEG9182
326657524,6847731135967016942,MrPrezident777
327526988,6831866922726869340,top_nalim
327866019,4240338640732052494,nikolai_yatsenko1
330047060,-5956522745300152734,anna_superfood
332885049,9105793200544278158,mashenblog
334697978,-3133333281370020827,AndreyKoksharov
335133155,-6108898188875304206,Julia_Emeleva
340660812,-506321411137861069,admTom
342526078,-4956607026957751105,domakelo
347438386,4796782294279444484,Anna_Comedy
354093449,798067490898575107,YuryMeleh
360122252,-2823269258360763003,
361923998,7838351355262373445,AlexeySmirnov1990
364108308,-6977125573732696413,teymka
365362035,8967443715205024250,natalia_gkproject
372208755,-6883316565277593941,Touristiks13
372339550,3660396819048409185,oksudareva
375089865,3899800740365216445,VladErokhin777
376148976,5751413650167868153,MAX_MASH
378078284,-1611820747313122174,DankaDasha
383006913,6234822668644328580,LLutsifer
389306003,7928096988309599270,Petrakov_Anton
390128248,8767120580424823160,Korsakov_andrey
412207351,7805564510530148299,ninel_nom
413702422,3258651465002433244,Sava33333333
414895067,965228931681795892,alexey_perkulimov
420333771,5908773290085402850,
423474445,6918583251749439012,annakondratewa
425679549,-2126842618029490743,Ai_MiraxLab_ru
425805020,3712543569697356438,logvinovdenis
428759194,-3259073225812253413,afendulov
429298502,2594129302495535695,denissyddykov
434595963,-2226553811607698117,BelonogovaNatalia
436568501,-8983083998123849705,DVV_03
440435861,-6649266592138106399,prosto_vanik
441278338,-7464154411901144391,yupiter86
447449600,-6908084510547151269,sereginayana
448823409,8084451604251224618,Anton79Vich
450314474,9017891394213515665,maksonchampion
459705443,2339229392261320449,nikolayevapolina
462977617,-4889977295705663975,Alex_dar85
463448964,6180394780296354809,yuliyagoo
464179518,989864280323203169,LEVSHA_38
465468839,-3364254539801265972,egormixalev95
468327545,4737419904697704300,Aleksey_Alekseevichh
474229407,1657846362278507266,ironhardware
474725924,-1240638270630338078,dezy83
479093786,-5537051915832555041,sweetdream163
480872002,3432852691273351620,ttm_vector
486978757,-4315015829136360188,Ilyaanurev
489288589,7647080299372909273,Naim_14
489408189,-1325819135617650632,kutukov_r
489444076,1866660881625918131,Golts_Andrey
493052631,509527557763688122,Nikolya070
496444319,4683840391092796689,
496843288,-788928527778241970,beloxov
496966999,-7847523260288878236,fvipstars
499223977,-4004231684699019584,
499974969,-5515682953333917557,Irina_Kaiser
500479241,-7508743989340811230,Antonn_Sea
503544889,-6318701386584187474,Pro_stol96
510700262,8255765276832957330,allpolanddocuments
514277752,1138135987393665032,Nataliabild
516875601,-5850507475328946943,
518414620,5757118370539609472,EldarStuff
518739124,2515150656522755253,
534433488,4217506531355760944,MalaxTV
538354826,-1047691121901274736,stas_drovosek
541997453,1834663799781094423,zsv79mastertop
544373141,5790489758708962006,JuliaKS1
552763719,-9181101309934849679,GrachevaEkaterina86
566357139,-4845509650714244807,genbiz
574686910,-1608008097371232896,Kostin_Yury
595239722,-7391591736633337311,Rigeecchactie
599960927,3419448647621733702,Kosmos_f
611248642,-4113437600109621869,galinamay
624535121,-9061221291639920627,artem_cou
629854789,297701015278304041,
633048625,4909675183010092558,Tian_Meridian
636163371,2829714664981429443,MarinaGavri1ova
647626726,5823350779599364170,My_viktory
647798049,2190419086453114081,DKstill
649118905,4104003682069006501,aleshka10rus
649689338,-7294517180143982919,roman_kremlevskiy
661099295,-7590629074421686840,skorobogatovestate
662002668,-6150956921457238331,J_Viki
665693935,867764109183176029,Pinnacle888comru
668887503,6551738723344111884,Aleksandrus09
671560244,-1952032949339062086,Elena_Navak
673576987,6623450378388981173,dima_dsgnr
681258220,9200318455605844301,lybaal
692485309,-3123630253499421826,Po_Delu_Only
702841472,3932235282825862815,
724524119,2261403734419664729,AxuJlJl
742462443,-1316890296700004425,dmitry13051976
747487583,1845957944617641212,Guard_82
754612290,-3007900719908890465,SvetlanaBalch
757154860,-3049971295649025178,Vida_Catering_Moscow
767611746,157934743783828141,E_Perunov
771297994,4252096020280337337,DamirGaripov
791564537,5581456251843960754,morozov_bz
793956653,1755911895010354945,Roma_Amiraslanov
794923976,8771409693104541379,dmitriybzrk
808251803,6959603512860426841,ElenaUkusova
818453538,5658406488861999919,Roman01012000
845459685,-4769358850054167638,Anton_tereshkin
861148015,7374934237559072880,kapi_88
861595778,-4648816284165663591,asv_s7
864581114,-5008986114554091675,Rrumen7
877589073,3602405616963432278,Shafikov88
879615190,8011550804927277749,Mamchur2912
886072283,-3095233744104705424,lera_volodina
887423470,7038954255113003456,yafilatenkova
888215346,-762011186078282739,Nadezhda_life_wizard
903577888,1716905777923051965,Lilya_master_mind
933298316,2578240258989971852,nursamorfati
935440946,9006617451677708164,nfetisovaz
956372313,-2441861361626883789,Akbars0902
987578626,8573621454553964167,pvveis
988847547,-2501920845611762238,mzubkova
989227197,3367059094467112000,timkuznetsov102
993649205,-3349077765018531687,Aleksandr_sh_A
1011086448,7436476917461567386,filippov_da
1024891086,2086472605898955509,
1027235152,4147646600217364631,Milena_Larinaa
1031370957,-8327232222657573469,ilziiiiami
1031391319,-1249724162847754624,
1045710393,-9035806652244931549,
1051561667,-9001106505652225262,Drewdrewdrew8
1052290491,-6367397548014346526,TATIANA_LY4SHE
1052731147,-1933343405892160148,good_designers
1079604938,238401529061955198,thisisme991
1092699177,4103980369312070936,
1100603611,-7569524166995159107,Alexander_Bots
1100917472,7987802340462466171,Batalov_Aleksandr
1136846320,6553854217278613475,xXMIXOHXx
1142076789,-8057359022147696658,Selyushenok
1155963850,-6240357620122483198,cashhunter777
1164332761,4381012333512270343,Sedoy0032
1165789148,5962470925759253931,Timurati32
1183125727,-8143523994919066975,Hi1502198887
1191774182,-7718381856216900113,DmitriiPetrushenko
1231154438,7787871760363840096,AniSergeevna
1238577936,-6196322445514191669,yan_sv
1243474420,4462249848274222355,sergey_belovich
1264654710,4234859072049610880,Elman_Dadashov
1289464662,2567111187504063395,Dmitrymsk1987
1298808815,4032472829204615461,telepavell
1299904572,-7609583862726407558,ASekacheva
1312353329,2971697951999937156,sk_russia77
1334915388,1664664947189865500,LuckusM
1362064489,-8355017329169863596,yuryzhuravel
1364542031,-3598028644724568455,aselnurbekova
1408094212,4801689632889159051,gorky_nn
1442259650,312882516335742171,romzesx7
1467085243,4086993247065047695,Ayna_t
1520722361,5347039353164857319,Vovikmex
1543115331,-4255919582213491607,EdgarMelkonian
1571826886,-4775624497428602200,Alex_91severodvinsk
1576105977,7238897687435764432,ZenkinNikolai
1580158705,8617328787999425281,josephcryptoboss
1590548337,7390333182092061022,magiya_dzen
1611648810,4571682861698256263,Dmitri_Fed
1640856870,657722142609024381,Dyvanov
1673490276,5422396182835538474,
1685360247,-6878533513469457313,Logickey
1708308479,3416832270517789369,DmitryDuben
1710995700,4672576452568566137,ancair
1714027170,-2126775947165748073,andrey_dvd
1723081690,-3846185934291842562,Patip_108
1723962728,-6405384304871994336,IlnaraKosmetolog
1797492671,-1518426448087490832,
1914072928,4252858274512151970,Vadim_serm
1924208688,-5955135696258704366,Ksenia_vla3
1927663680,-1350954622969042941,Pavel_Sdd
1962520111,3692318249149124365,
1974654679,-2564688181418523419,
2008751862,-2910096060227991279,
2013417745,5200329198690792886,likurianlikuriy
2146377615,3434135262800746169,Moobster1966
5052735483,7330896454764640917,alexeyzinovyev
5111466801,-5513282866361393874,Maxi7maction
5292319906,3622123898325829779,ms_fedulova
5548798986,-719632290355350133,ArtemTema19
5608288248,-7603267135999736459,Irina_Rossim
5623718898,2161439947515257726,Ninell4
5716769532,8138104983004989693,natalya_karanina
5797329652,-5092146674352608312,K_i_r_i_ll10
5812451451,4506443380771911371,AlexP7753191
5813514851,-2119932149071308799,Amiralikhosravi1300
5896218231,-8488900866592817914,MaratTalgat
5911329436,-1816198153508201880,arisfrol
5991500088,-986442538665828084,KonstantinKrepostnoy
6031179406,2934128863891486219,Sergio_Good_Auto
6037169654,-7065700998954177480,
6120955154,4151042596980586378,LOZENSKI_OFFICIAL
6187916575,-6888361409441910502,
6448985298,-6337254308247245047,JonnyJonesNew
6507533325,3311862483300967868,OMS0001
6691167223,2938462467398409530,IlyaZaigralovHere
6754517381,-5581558025931784385,Balbrosmusic
6793733427,-9141887177015989134,
6917018789,-5411380800099350114,troshinnnn
7311007484,6876219786201696418,sozdatel_pro
7370840999,721185209986588890,
7430155543,-8400954137270912957,breslaevgenyapremium
7498847634,-4032855083228968589,Alextraveltour
7530905539,5979812178503147897,andy_chef
7695572729,-7525196925552671317,Svetg1688
7698680211,6861546446235082667,
7735630366,-4893003495077632291,Emotional_regulation_coach1
7753514676,-3967640397231463868,dombarin
7791544032,-5463484025398451779,Financeangel1
7865595258,277600606265456294,pavel_tgh
7918647590,4734536280006141249,HeyAmandaL609
7929889705,-2282466178559543425,
7939914689,5252516086520278563,fin_irina1
7960183708,3091839074303654484,Olga131271
7983703030,-2494674170115000605,
8074855785,5503683782483291470,OsagoKasko_Vsem
8098997082,7712286590549013125,
8112441370,-6726073352897436025,lararw45
8154600428,-3382418375247189088,
8194932312,5084846673253727955,
8207373837,-217330582341244294,
8235009757,8460828801324611283,Leonidlegenda
8301586406,2154144479540848361,xwlme2
8305117315,-9195267800099801297,Lixiabs
8325081531,-3898750469362028689,Irina_chernova138
8357434238,8238383754999597855,
8392491911,2815941953647563292,Regipubquizzy
8517038085,3279282344935251438,
8537028098,-1256906796168029522,
8540572007,1627970476422476186,lidgen_ks2
8541863053,2935577751666624357,NKLjwq
8570225379,754538839641730175,Roman_Sokolov77
8613659245,2369085657756150345,Blagodaryutebyaks
8679821473,4815538435471342650,SERGIGINV
